schema_name,table_name,prod_column_count,systest_column_count,cols_added,cols_dropped,cols_type_changed,cols_length_changed,cols_precision_scale_changed,cols_nullability_changed,added_columns,dropped_columns
dbo,a_accountdefaults,12,12,0,0,1,1,1,0,,
dbo,a_alndomain,14,14,0,0,1,1,1,0,,
dbo,a_applicationauth,11,11,0,0,1,1,1,0,,
dbo,a_asset,180,200,22,2,18,6,18,0,"adjustedlifedate, ahcainspformnum, ahcainspstatus, ahcajpnum, ahcalastcompdate, ahcapmnextduedate, ahcapmnum, ahcaresultnum, ahcarevision, ahcawonum, ahcaworktype, ahcawostatus, inhibitalertgen, lastahscoredate, methodname, mrefassettype, mrefid, mrefrecordid, pluscbypassaccuracyvalidation, pluscfullrgeeu, pluscfullrgefrom, pluscfullrgeto","geometry, plussgeojson"
dbo,a_assignment,34,42,8,0,6,3,6,0,"actualenddate, actualstartdate, anywhererefid, dispatchstatus, dispstatusdate, qualmet, splanreviewdate, wplaboruid",
dbo,a_autoscript,40,42,2,0,6,8,4,0,"aitool, responseschema",
dbo,a_companyaccdef,15,15,0,0,1,1,1,0,,
dbo,a_condition,16,16,0,0,1,1,1,0,,
dbo,a_craft,18,18,0,0,1,1,1,0,,
dbo,a_craftrate,14,14,0,0,1,1,1,0,,
dbo,a_crossoverdomain,17,17,0,0,1,1,1,0,,
dbo,a_cslmobquery,20,20,0,0,3,3,3,0,,
dbo,a_cslmobvars,13,13,0,0,2,2,2,0,,
dbo,a_escalation,28,28,0,0,2,3,2,0,,
dbo,a_fincntrl,46,46,0,0,5,2,5,0,,
dbo,a_glauth,10,10,0,0,1,1,1,0,,
dbo,a_glcomponents,18,18,0,0,1,2,1,0,,
dbo,a_glconfigure,14,14,0,0,1,1,1,0,,
dbo,a_groupuser,9,9,0,0,1,2,1,0,,
dbo,a_grpreassignauth,9,9,0,0,1,2,1,0,,
dbo,a_labor,35,36,1,0,1,2,1,0,savelbsdatahistory,
dbo,a_laborauth,10,10,0,0,1,1,1,0,,
dbo,a_laborcraftrate,19,19,0,0,1,1,1,0,,
dbo,a_lbslocation,22,22,0,0,2,2,2,0,,
dbo,a_limittolerance,26,26,0,0,1,1,1,0,,
dbo,a_locations,96,112,18,2,9,7,9,0,"adjustedlifedate, ahcainspformnum, ahcainspstatus, ahcajpnum, ahcalastcompdate, ahcapmnextduedate, ahcapmnum, ahcaresultnum, ahcarevision, ahcawonum, ahcaworktype, ahcawostatus, inhibitalertgen, lastahscoredate, methodname, mrefid, mrefloctype, mrefrecordid","geometry, plussgeojson"
dbo,a_longdescription,13,13,0,0,2,1,1,0,,
dbo,a_maxattributecfg,44,45,1,0,1,1,1,0,internalindicator,
dbo,a_maxdomvalcond,11,11,0,0,1,1,1,0,,
dbo,a_maxgroup,41,48,7,0,1,1,1,0,"changeby, changedate, createdby, createddate, groupexternalid, groupprofileid, masissuer",
dbo,a_maxobjectcfg,28,29,1,0,1,1,1,0,internalindicator,
dbo,a_maxpresentation,9,9,0,0,2,1,1,0,,
dbo,a_maxpropvalue,15,15,0,0,2,3,2,0,,
dbo,a_maxrelationship,14,15,1,0,1,1,1,0,isdefault,
dbo,a_maxtabledomain,15,15,0,0,1,1,1,0,,
dbo,a_maxuser,36,62,26,0,2,4,2,0,"apikeyadmin, authlockexpire, changeby, changedate, cognossyncstatus, createdby, createddate, expiresat, failedlogindate, idpadmin, inactivitytimeout, iotrole, isauthorized, islocked, lastactivity, ldapuserref, lockedoutdate, maserrorcode, masissuer, massyncstatus, owner, scimexternalid, scimprofileid, syncprofile, systemadmin, tririgaaccess",
dbo,a_maxvars,12,12,0,0,1,2,1,0,,
dbo,a_maxviewcfg,12,12,0,0,1,1,1,0,,
dbo,a_numericdomain,14,14,0,0,1,1,1,0,,
dbo,a_numrangedomain,14,14,0,0,1,1,1,0,,
dbo,a_person,73,74,1,0,9,7,9,0,languserupdated,
dbo,a_persongroup,13,14,1,0,1,1,1,0,userteam,
dbo,a_persongroupteam,17,17,0,0,1,3,1,0,,
dbo,a_pm,122,128,6,0,10,5,10,0,"enforcemaxdayofmonth, grandtotalprice, pluspagreement, plusppricesched, plusprevnum, pmfpricecaldate",
dbo,a_ppcraftrate,13,13,0,0,1,1,1,0,,
dbo,a_premiumpay,15,15,0,0,1,1,1,0,,
dbo,a_scriptlaunchpoint,16,16,0,0,1,1,1,0,,
dbo,a_securityrestrict,17,17,0,0,1,1,1,0,,
dbo,a_site,24,24,0,0,3,6,3,0,,
dbo,a_siteauth,10,10,0,0,1,1,1,0,,
dbo,a_synonymdomain,16,16,0,0,1,1,1,0,,
dbo,a_term,15,15,0,0,1,1,1,0,,
dbo,a_ticket,116,118,4,2,15,7,15,0,"hassafetyhazard, measurementid, origfromalert, tagname","geometry, plussgeojson"
dbo,a_workorder,358,362,6,2,37,13,37,0,"ai_usefortraining, excpttype, isquickreported, mrefid, mrefrecordid, totalworkunits","geometry, plussgeojson"
dbo,a_workorderspec,35,35,0,0,3,4,3,0,,
dbo,a_woserviceaddress,40,39,0,1,1,3,1,0,,geometry
dbo,a_z_customermap,15,15,0,0,1,1,1,0,,
dbo,actci,11,11,0,0,2,2,2,0,,
dbo,actcirelation,11,11,0,0,1,1,1,0,,
dbo,actcispec,19,19,0,0,1,2,1,0,,
dbo,action,14,15,1,0,0,0,0,0,displayname,
dbo,address,19,19,0,0,1,1,1,0,,
dbo,ahblthreshold,5,8,3,0,0,0,0,0,"ahblthresholdnum, lowerneedsattention, scoretype",
dbo,ahblthresholdrange,8,9,1,0,1,2,1,0,scoretype,
dbo,ahdriverlib,15,21,6,0,0,6,0,0,"alias, calctype, drivertype, extfunctionname, extmodelname, scoretype",
dbo,ahmethoddriver,5,6,1,0,0,2,1,0,role,
dbo,ahmethodology,11,19,8,0,0,5,0,0,"calctype, extfunctionname, extmodelname, factorcardinality, isattribute, methoddisplayname, methodformula, scoretype",
dbo,ahscoremap,6,6,0,0,0,1,0,0,,
dbo,amcrew,32,33,1,0,1,1,1,0,supervisor,
dbo,amcrewlabor,14,15,1,0,2,0,2,0,anywhererefid,
dbo,amcrewmodavail,9,14,5,0,3,0,3,0,"calendarbreakid, laborrotshiftid, shiftbreak, shiftnum, shiftrot",
dbo,amcrewstathis,8,8,0,0,1,1,1,0,,
dbo,amcrewt,12,12,0,0,1,0,1,0,,
dbo,amcrewtool,13,14,1,0,2,0,2,0,anywhererefid,
dbo,amcrewwolab,18,18,0,0,0,2,0,0,,
dbo,amcrewwotl,11,11,0,0,0,1,0,0,,
dbo,amctstathist,8,8,0,0,1,1,1,0,,
dbo,analyticdataset,15,15,0,0,2,1,2,0,,
dbo,anomaly,18,20,2,0,3,0,2,0,"anywhererefid, status",
dbo,anomalycatalog,8,10,2,0,2,0,2,0,"additionalrule, thresholdrule",
dbo,apicsrftoken,5,5,0,0,1,1,1,0,,
dbo,apikeytoken,8,9,1,0,1,1,1,0,internal,
dbo,apilinkedobject,5,5,0,0,0,1,0,0,,
dbo,apiroute,10,11,1,0,0,0,0,0,trackrequests,
dbo,apirouteprop,6,6,0,0,0,1,0,0,,
dbo,appfielddefaults,9,9,0,0,0,2,0,0,,
dbo,apptbkcommitperson,6,6,0,0,0,1,0,0,,
dbo,apptbkstatus,9,9,0,0,1,1,1,0,,
dbo,apptbkwindowavail,18,18,0,0,5,2,5,0,,
dbo,apptbkwindows,13,13,0,0,4,0,4,0,,
dbo,apptbook,22,22,0,0,4,1,4,0,,
dbo,apptbookassignments,13,13,0,0,1,2,1,0,,
dbo,apptracker,7,7,0,0,1,1,1,0,,
dbo,appuserpropcfg,8,8,0,0,0,1,0,0,,
dbo,archive,11,11,0,0,1,0,1,0,,
dbo,areasaffected,16,16,0,0,0,2,0,0,,
dbo,asset,175,195,22,2,17,5,17,0,"adjustedlifedate, ahcainspformnum, ahcainspstatus, ahcajpnum, ahcalastcompdate, ahcapmnextduedate, ahcapmnum, ahcaresultnum, ahcarevision, ahcawonum, ahcaworktype, ahcawostatus, inhibitalertgen, lastahscoredate, methodname, mrefassettype, mrefid, mrefrecordid, pluscbypassaccuracyvalidation, pluscfullrgeeu, pluscfullrgefrom, pluscfullrgeto","geometry, plussgeojson"
dbo,assetfeaspechist,50,50,0,0,3,2,3,0,,
dbo,assetfeature,39,39,0,0,0,1,0,0,,
dbo,assetfeaturehist,39,39,0,0,2,1,2,0,,
dbo,assetfeaturespec,51,52,1,0,3,2,3,0,datevalue,
dbo,assethierarchy,8,8,0,0,0,1,0,0,,
dbo,assethistory,10,10,0,0,0,1,0,0,,
dbo,assetloccomm,10,10,0,0,0,1,0,0,,
dbo,assetlocrelation,56,56,0,0,1,0,1,0,,
dbo,assetlocrelhist,57,57,0,0,2,0,2,0,,
dbo,assetlocusercust,17,17,0,0,0,1,0,0,,
dbo,assetmeter,60,61,1,0,2,2,2,0,description,
dbo,assetmntskd,13,13,0,0,3,1,3,0,,
dbo,assetopskd,13,13,0,0,3,1,3,0,,
dbo,assetrollupstatus,15,15,0,0,1,2,1,0,,
dbo,assetspec,56,57,1,0,3,2,3,0,anywhererefid,
dbo,assetspechist,48,48,0,0,4,2,4,0,,
dbo,assetstatus,14,14,0,0,1,2,1,0,,
dbo,assettopocache,6,6,0,0,1,0,1,0,,
dbo,assettrans,37,37,0,0,2,2,2,0,,
dbo,assettype,5,5,0,0,0,2,0,0,,
dbo,assignment,29,37,8,0,5,2,5,0,"actualenddate, actualstartdate, anywhererefid, dispatchstatus, dispstatusdate, qualmet, splanreviewdate, wplaboruid",
dbo,assignreploc,17,17,0,0,2,1,2,0,,
dbo,asyncjobobjsnap,8,8,0,0,0,1,0,0,,
dbo,attendance,12,12,0,0,6,1,6,0,,
dbo,attrformula,10,11,1,0,1,2,1,0,description,
dbo,attrformulacond,8,8,0,0,0,1,0,0,,
dbo,authroleuser,4,4,0,0,0,1,0,0,,
dbo,autoattrupdate,50,50,0,0,4,2,4,0,,
dbo,autolocatefields,6,6,0,0,0,2,0,0,,
dbo,autoscript,35,37,2,0,5,7,3,0,"aitool, responseschema",
dbo,autoscriptstate,9,9,0,0,1,1,1,0,,
dbo,bboardmsgstatus,6,7,1,0,1,1,1,0,ishidden,
dbo,bbstatushistory,6,6,0,0,1,1,1,0,,
dbo,billtoshipto,11,11,0,0,0,2,0,0,,
dbo,bimcommission,39,39,0,0,2,1,1,0,,
dbo,bimconfiguration,77,77,0,0,0,13,0,0,,
dbo,bimomniclassimport,20,20,0,0,2,2,1,0,,
dbo,bimproductbase,64,64,0,0,4,3,4,0,,
dbo,bimproductbasespec,27,27,0,0,2,2,2,0,,
dbo,bimproductstatus,8,8,0,0,1,1,1,0,,
dbo,bimsession,117,117,0,0,4,3,3,0,,
dbo,bookmark,6,6,0,0,1,1,1,0,,
dbo,budget,16,16,0,0,4,3,4,0,,
dbo,budgetrule,11,11,0,0,0,1,0,0,,
dbo,budgetstatus,9,9,0,0,1,1,1,0,,
dbo,bulletinboard,10,10,0,0,2,1,2,0,,
dbo,calendar,9,9,0,0,2,0,2,0,,
dbo,calendarbreak,9,9,0,0,2,0,2,0,,
dbo,cdmcitypes,8,8,0,0,1,1,1,0,,
dbo,charpointaction,9,10,1,0,0,0,0,0,generatealert,
dbo,chartofaccounts,36,36,0,0,3,0,3,0,,
dbo,ci,25,25,0,0,2,3,2,0,,
dbo,cirelation,9,9,0,0,1,1,1,0,,
dbo,cirelationhis,8,8,0,0,2,1,2,0,,
dbo,cispec,21,21,0,0,2,2,2,0,,
dbo,cispechis,17,17,0,0,4,2,4,0,,
dbo,cistatus,7,7,0,0,1,1,1,0,,
dbo,citemplate,6,6,0,0,0,4,0,0,,
dbo,citypestatus,8,8,0,0,1,2,1,0,,
dbo,classancestor,9,9,0,0,0,2,0,0,,
dbo,classspec,35,35,0,0,1,1,1,0,,
dbo,classspecusewith,17,17,0,0,0,1,0,0,,
dbo,classstructure,25,25,0,0,0,2,0,0,,
dbo,classusewith,7,7,0,0,0,1,0,0,,
dbo,commitgroup,4,6,2,0,0,0,0,0,"canedit, template",
dbo,commitperson,4,6,2,0,0,1,0,0,"canedit, template",
dbo,commlog,19,20,1,0,5,1,1,0,texttemplatename,
dbo,commodities,14,13,0,1,0,1,0,0,,z_servicecategory
dbo,commtemplate,20,21,1,0,3,1,2,0,texttemplatename,
dbo,companies,82,82,0,0,2,1,2,0,,
dbo,compcontact,16,16,0,0,1,1,1,0,,
dbo,compcontactmstr,14,14,0,0,1,0,1,0,,
dbo,compmaster,60,60,0,0,1,1,1,0,,
dbo,contlineasset,16,16,0,0,2,1,2,0,,
dbo,contract,57,57,0,0,7,2,7,0,,
dbo,contractasset,19,19,0,0,3,0,3,0,,
dbo,contractauth,12,12,0,0,0,1,0,0,,
dbo,contractlease,37,37,0,0,2,0,2,0,,
dbo,contractline,36,36,0,0,1,1,1,0,,
dbo,contractmaster,11,11,0,0,1,0,1,0,,
dbo,contractsfw,60,60,0,0,2,0,2,0,,
dbo,contractstatus,9,9,0,0,1,1,1,0,,
dbo,conversion,10,10,0,0,1,1,1,0,,
dbo,countbook,26,26,0,0,2,2,2,0,,
dbo,countbookline,29,30,1,0,3,2,3,0,abctype,
dbo,countbooksel,11,12,1,0,1,0,1,0,selectionabc,
dbo,countbookstatus,9,9,0,0,1,1,1,0,,
dbo,crontaskdef,8,8,0,0,0,1,0,0,,
dbo,crontaskhistory,12,12,0,0,2,2,2,0,,
dbo,crontaskinstance,15,15,0,0,2,3,2,0,,
dbo,crontaskparam,7,7,0,0,0,2,0,0,,
dbo,cslmobquery,15,15,0,0,2,2,2,0,,
dbo,cslmobvars,8,8,0,0,1,1,1,0,,
dbo,currency,9,9,0,0,1,1,1,0,,
dbo,defaultosquery,4,4,0,0,0,1,0,0,,
dbo,defaultquery,6,6,0,0,0,2,0,0,,
dbo,dephistory,18,18,0,0,1,1,1,0,,
dbo,deployedasset,37,37,0,0,3,0,3,0,,
dbo,depsched,19,19,0,0,1,0,1,0,,
dbo,depschedhistory,20,20,0,0,2,0,2,0,,
dbo,depschedperiods,11,11,0,0,1,0,1,0,,
dbo,deptrans,21,21,0,0,1,0,1,0,,
dbo,dmcfggroup,9,9,0,0,1,1,1,0,,
dbo,dmcfgobject,9,9,0,0,1,1,1,0,,
dbo,dmcollection,14,14,0,0,2,1,1,0,,
dbo,dmcollectionexport,5,5,0,0,1,0,1,0,,
dbo,dmcollectionobject,17,17,0,0,1,2,1,0,,
dbo,dmcollectionrelobj,11,11,0,0,1,1,1,0,,
dbo,dmcollpkgexception,12,12,0,0,2,0,0,0,,
dbo,dmcompjob,11,11,0,0,2,1,2,0,,
dbo,dmdependency,6,6,0,0,1,1,1,0,,
dbo,dmerror,18,18,0,0,4,1,2,0,,
dbo,dmmessage,11,11,0,0,1,1,1,0,,
dbo,dmpackage,15,15,0,0,2,2,2,0,,
dbo,dmpackagedef,17,17,0,0,2,1,2,0,,
dbo,dmpkgdefstatus,9,9,0,0,1,1,1,0,,
dbo,dmpkgdist,8,8,0,0,1,1,1,0,,
dbo,dmpkgdisttrack,11,11,0,0,1,1,1,0,,
dbo,dmpkgdsttrgt,13,13,0,0,1,1,1,0,,
dbo,dmpkgeventtrk,12,12,0,0,1,1,1,0,,
dbo,dmpkgstaging,12,12,0,0,1,0,0,0,,
dbo,dmpkgstatus,12,12,0,0,1,1,1,0,,
dbo,dmpkgtrackhist,13,13,0,0,1,1,1,0,,
dbo,docinfo,29,29,0,0,4,2,3,0,,
dbo,doclinks,19,19,0,0,2,2,2,0,,
dbo,dpacommdevice,14,14,0,0,2,0,2,0,,
dbo,dpacomputer,34,34,0,0,4,0,4,0,,
dbo,dpacpu,18,18,0,0,2,0,2,0,,
dbo,dpadisk,19,19,0,0,2,0,2,0,,
dbo,dpadisplay,15,15,0,0,2,0,2,0,,
dbo,dpafile,18,18,0,0,5,0,5,0,,
dbo,dpaimagedevice,28,28,0,0,2,0,2,0,,
dbo,dpaipx,10,10,0,0,2,0,2,0,,
dbo,dpalogicaldrive,16,16,0,0,2,0,2,0,,
dbo,dpamediaadapter,16,16,0,0,2,0,2,0,,
dbo,dpanetadapter,19,19,0,0,2,0,2,0,,
dbo,dpanetdevcard,20,20,0,0,2,0,2,0,,
dbo,dpanetdevice,12,12,0,0,2,0,2,0,,
dbo,dpanetprinter,16,16,0,0,2,0,2,0,,
dbo,dpaos,16,16,0,0,2,0,2,0,,
dbo,dpasoftware,25,25,0,0,7,0,7,0,,
dbo,dpaswsuite,18,18,0,0,4,0,4,0,,
dbo,dpatcpip,16,16,0,0,2,0,2,0,,
dbo,dpauserinfo,18,18,0,0,2,0,2,0,,
dbo,dummy_table,20,20,0,0,5,0,3,0,,
dbo,email,6,6,0,0,0,1,0,0,,
dbo,escalation,23,23,0,0,1,2,1,0,,
dbo,escstatus,11,11,0,0,1,0,1,0,,
dbo,eventresponse,14,14,0,0,1,0,1,0,,
dbo,exchange,13,13,0,0,4,2,4,0,,
dbo,expexception,7,7,0,0,0,2,0,0,,
dbo,expgroup,9,21,12,0,0,4,0,0,"clausename, egtype, extmodelname, groupcalctype, grouplabel, instancename, intobjectname, methodinstancename, methodschedule, pofanalysisid, schedule, usedby",
dbo,failureremark,11,18,7,0,1,1,1,0,"exceptiondate, exceptionreason, exceptionreference, immediateaction, qualityimpact, readytouseaftercorrection, usedafteroverdue",
dbo,failurereport,12,12,0,0,0,1,0,0,,
dbo,favitem,22,22,0,0,1,1,1,0,,
dbo,features,13,13,0,0,0,1,0,0,,
dbo,featurespec,22,23,1,0,3,2,3,0,datevalue,
dbo,featurestatus,7,7,0,0,1,1,1,0,,
dbo,fileexportreqqueue,19,19,0,0,3,1,2,0,,
dbo,fileimportreqqueue,16,16,0,0,5,1,2,0,,
dbo,financialperiods,9,9,0,0,4,1,4,0,,
dbo,fincntrl,41,41,0,0,4,1,4,0,,
dbo,fsnlastscan,5,5,0,0,1,0,1,0,,
dbo,glcomponents,13,13,0,0,0,1,0,0,,
dbo,groupuser,4,4,0,0,0,1,0,0,,
dbo,grpreassignauth,4,4,0,0,0,1,0,0,,
dbo,hazard,36,36,0,0,2,0,2,0,,
dbo,ibmcontentreceipts,8,8,0,0,2,0,1,0,,
dbo,imageinference,10,11,1,0,3,0,1,0,inspectionstatus,
dbo,imglib,9,9,0,0,1,0,0,0,,
dbo,inboundcomm,25,25,0,0,6,2,5,0,,
dbo,inboundcommcfg,29,29,0,0,0,3,0,0,,
dbo,insight,18,18,0,0,0,1,0,0,,
dbo,inspectionform,23,24,1,0,3,2,2,0,enablescan,
dbo,inspectionformstatus,11,11,0,0,1,1,1,0,,
dbo,inspectionresult,25,29,4,0,3,2,3,0,"assignee, assigngroup, reviewer, reviewgroup",
dbo,inspfield,30,33,3,0,2,0,0,0,"autoanalyze, fieldalias, measureunitid",
dbo,inspfieldoption,17,17,0,0,1,0,0,0,,
dbo,inspfieldresult,28,31,3,0,4,1,3,0,"comments, isrequired, isvisible",
dbo,inspquestion,15,15,0,0,1,0,0,0,,
dbo,inspresultstatus,10,10,0,0,1,1,1,0,,
dbo,invbalances,26,26,0,0,3,0,3,0,,
dbo,inventory,54,54,0,0,3,0,3,0,,
dbo,invlifofifocost,16,16,0,0,1,0,1,0,,
dbo,invlot,13,13,0,0,1,0,1,0,,
dbo,invoice,74,74,0,0,9,2,9,0,,
dbo,invoicecost,26,26,0,0,0,1,0,0,,
dbo,invoiceline,64,64,0,0,1,2,1,0,,
dbo,invoicematch,21,21,0,0,1,0,1,0,,
dbo,invoicestatus,10,10,0,0,1,1,1,0,,
dbo,invoicetrans,25,25,0,0,2,1,2,0,,
dbo,invpicklist,18,18,0,0,4,2,4,0,,
dbo,invpickliststatus,9,9,0,0,1,1,1,0,,
dbo,invreserve,46,46,0,0,2,3,2,0,,
dbo,invstatus,11,11,0,0,1,1,1,0,,
dbo,invtrans,35,35,0,0,1,1,1,0,,
dbo,invuse,26,26,0,0,4,3,4,0,,
dbo,invuseline,66,67,1,0,2,3,2,0,anywhererefid,
dbo,invuselinesplit,27,28,1,0,1,0,1,0,anywhererefid,
dbo,invusestatus,9,9,0,0,1,1,1,0,,
dbo,invvendor,36,36,0,0,2,0,2,0,,
dbo,item,64,64,0,0,2,1,2,0,,
dbo,itemorginfo,20,20,0,0,1,0,1,0,,
dbo,itemorgstatus,9,9,0,0,1,1,1,0,,
dbo,itemspec,27,27,0,0,3,2,3,0,,
dbo,itemstatus,8,8,0,0,1,1,1,0,,
dbo,itemstruct,17,17,0,0,1,0,1,0,,
dbo,joblabor,34,34,0,0,1,0,1,0,,
dbo,jobplan,75,76,1,0,2,5,2,0,milestone,
dbo,jobplanspec,23,23,0,0,2,2,2,0,,
dbo,jobtask,53,54,1,0,0,2,0,0,milestone,
dbo,jobtaskspec,24,24,0,0,2,2,2,0,,
dbo,jsonmapdetail,17,17,0,0,0,1,0,0,,
dbo,jsonmapping,13,13,0,0,1,0,0,0,,
dbo,kpihistory,5,5,0,0,1,0,1,0,,
dbo,kpimain,32,34,2,0,4,1,2,1,"endpointname, expression",
dbo,kpioee,12,12,0,0,1,0,1,0,,
dbo,kpischedule,4,4,0,0,0,1,0,0,,
dbo,kpitemplate,15,15,0,0,3,2,2,0,,
dbo,kpitrendcfg,8,8,0,0,2,0,2,0,,
dbo,l_commtemplate,7,7,0,0,1,0,0,0,,
dbo,labor,29,30,1,0,0,1,0,0,savelbsdatahistory,
dbo,laborcerthist,16,16,0,0,4,1,4,0,,
dbo,laborqual,20,20,0,0,5,0,5,0,,
dbo,laborqualstatus,10,10,0,0,2,1,2,0,,
dbo,laborstatus,8,8,0,0,1,1,1,0,,
dbo,labtrans,92,93,1,0,10,2,10,0,qualmet,
dbo,layout,18,18,0,0,0,1,0,0,,
dbo,lbslocation,17,17,0,0,1,1,1,0,,
dbo,ldapsyncparams,6,6,0,0,0,2,0,0,,
dbo,linearattributedefault,11,11,0,0,2,0,0,0,,
dbo,linearlayer,13,13,0,0,2,0,0,0,,
dbo,lmo,12,12,0,0,1,1,1,0,,
dbo,lmoatt,10,10,0,0,1,1,1,0,,
dbo,lmoimrln,8,8,0,0,1,1,1,0,,
dbo,locationmeter,32,33,1,0,2,2,2,0,description,
dbo,locationmntskd,13,13,0,0,3,1,3,0,,
dbo,locationopskd,13,13,0,0,3,1,3,0,,
dbo,locations,91,107,18,2,8,6,8,0,"adjustedlifedate, ahcainspformnum, ahcainspstatus, ahcajpnum, ahcalastcompdate, ahcapmnextduedate, ahcapmnum, ahcaresultnum, ahcarevision, ahcawonum, ahcaworktype, ahcawostatus, inhibitalertgen, lastahscoredate, methodname, mrefid, mrefloctype, mrefrecordid","geometry, plussgeojson"
dbo,locationspec,26,27,1,0,3,2,3,0,anywhererefid,
dbo,lockout,21,21,0,0,1,0,1,0,,
dbo,locmeterreading,19,19,0,0,2,2,2,0,,
dbo,locoper,24,24,0,0,2,0,2,0,,
dbo,locstatus,9,9,0,0,1,1,1,0,,
dbo,locsystem,21,24,3,0,0,1,0,0,"mrefsync, mrefsystemtype, usage",
dbo,loginblock,7,7,0,0,1,1,1,0,,
dbo,logintracking,26,27,1,0,1,4,1,0,clientid,
dbo,logrequest,4,4,0,0,1,0,1,0,,
dbo,longdescription,8,8,0,0,1,0,0,0,,
dbo,ltpatoken,4,4,0,0,1,0,1,0,,
dbo,lvcmsginfo,10,10,0,0,2,1,0,0,,
dbo,lvcmsginfodflt,9,9,0,0,2,1,0,0,,
dbo,lvcsymbology,7,7,0,0,3,0,0,0,,
dbo,lvcsymbologydflt,6,6,0,0,3,0,0,0,,
dbo,mafappdata,14,14,0,0,3,1,2,1,,
dbo,mapmanager,78,85,7,0,4,0,0,1,"plusswebsceneenabled, plusswebsceneid, routejobtokenpswd, routejobtokenusername, routetokenpswd, routetokenusername, spatialjobmatrix",
dbo,mapsketch,16,16,0,0,3,0,1,0,,
dbo,mapsymbologydefault,5,5,0,0,3,0,0,0,,
dbo,maptip,8,8,0,0,3,0,0,0,,
dbo,maptipdefaults,8,8,0,0,3,0,0,0,,
dbo,maslicappoptprod,5,5,0,0,0,1,0,0,,
dbo,maslicusage,10,10,0,0,2,2,2,0,,
dbo,masterpm,38,39,1,0,3,1,3,0,enforcemaxdayofmonth,
dbo,matrectrans,126,127,1,0,3,5,3,0,inspresultnum,
dbo,matusetrans,131,131,0,0,3,3,3,0,,
dbo,maxapps,16,17,1,0,0,0,0,0,skipnavigation,
dbo,maxasyncjob,20,20,0,0,3,1,3,0,,
dbo,maxasyncjobmsg,8,8,0,0,1,0,1,0,,
dbo,maxattribute,38,39,1,0,0,0,0,0,internalindicator,
dbo,maxattributecfg,39,40,1,0,0,0,0,0,internalindicator,
dbo,maxcomponent,14,14,0,0,4,0,2,0,,
dbo,maxconddetail,20,20,0,0,1,1,1,0,,
dbo,maxcontrolvalue,7,7,0,0,1,1,1,0,,
dbo,maxdomain,10,11,1,0,0,0,0,0,changed,
dbo,maxendpoint,9,9,0,0,1,1,1,0,,
dbo,maxendpointdtl,9,10,1,0,1,1,1,0,setbyoperator,
dbo,maxextboolval,9,9,0,0,1,1,1,0,,
dbo,maxextctlval,9,9,0,0,1,1,1,0,,
dbo,maxextifacein,8,8,0,0,1,1,1,0,,
dbo,maxextifaceout,8,9,1,0,1,1,1,0,iscontinuousqueue,
dbo,maxextlistval,7,7,0,0,1,1,1,0,,
dbo,maxextover,8,8,0,0,1,1,1,0,,
dbo,maxextsyscontrol,9,9,0,0,1,1,1,0,,
dbo,maxextsystem,15,16,1,0,1,1,1,0,outcontqueuename,
dbo,maxextxrefval,8,8,0,0,1,1,1,0,,
dbo,maxgraphrelation,9,9,0,0,0,1,0,0,,
dbo,maxgroup,36,43,7,0,0,0,0,0,"changeby, changedate, createdby, createddate, groupexternalid, groupprofileid, masissuer",
dbo,maxhandler,8,8,0,0,1,1,1,0,,
dbo,maxifacecond,9,9,0,0,1,1,1,0,,
dbo,maxifacecontrol,13,13,0,0,1,1,1,0,,
dbo,maxifacein,32,32,0,0,1,1,1,0,,
dbo,maxifaceincntl,7,7,0,0,1,1,1,0,,
dbo,maxifaceindetail,12,12,0,0,1,1,1,0,,
dbo,maxifaceinvoke,22,24,2,0,1,1,1,1,"publishjson, templatename",
dbo,maxifaceout,26,26,0,0,1,1,1,0,,
dbo,maxifaceoutcntl,7,7,0,0,1,1,1,0,,
dbo,maxifaceproc,24,24,0,0,1,1,1,0,,
dbo,maxim,14,14,0,0,1,1,1,0,,
dbo,maximprop,8,8,0,0,1,1,1,0,,
dbo,maxinteraction,31,31,0,0,4,1,1,0,,
dbo,maxinterror,15,16,1,0,4,2,3,0,consumername,
dbo,maxinterrorextract,18,18,0,0,3,1,2,0,,
dbo,maxinterrormsg,15,15,0,0,4,1,2,0,,
dbo,maxintlistener,16,16,0,0,1,1,1,0,,
dbo,maxintmapping,13,13,0,0,1,1,1,0,,
dbo,maxintmappingdetail,10,10,0,0,1,1,1,0,,
dbo,maxintmsgtrk,16,17,1,0,2,0,1,0,isjmsmdb,
dbo,maxintmsgtrkdtl,6,7,1,0,1,0,1,0,consumername,
dbo,maxintobjapp,12,12,0,0,1,1,1,0,,
dbo,maxintobjcols,8,8,0,0,1,1,1,0,,
dbo,maxintobjdetail,25,25,0,0,1,1,1,0,,
dbo,maxintobject,31,34,3,0,1,1,1,0,"trackrequests, useforassistant, usewithproduct",
dbo,maxintpolicy,11,11,0,0,1,1,1,0,,
dbo,maxintpolicyparam,12,12,0,0,1,1,1,0,,
dbo,maxlaunchentry,13,13,0,0,1,1,1,0,,
dbo,maxlecontext,8,8,0,0,1,1,1,0,,
dbo,maxlicapps,9,9,0,0,0,1,0,0,,
dbo,maxlicconcitvlusage,9,9,0,0,3,0,3,0,,
dbo,maxlicense,20,20,0,0,7,2,7,0,,
dbo,maxlicincladdon,4,4,0,0,0,2,0,0,,
dbo,maxlicprdkeylist,16,16,0,0,0,1,0,0,,
dbo,maxlicprodapps,6,6,0,0,0,1,0,0,,
dbo,maxlicprodvue,5,5,0,0,0,2,0,0,,
dbo,maxlicpurchdet,7,7,0,0,2,1,2,0,,
dbo,maxlicrvuusage,9,9,0,0,3,0,3,0,,
dbo,maxlicsigflaglink,4,4,0,0,0,1,0,0,,
dbo,maxlicstatus,6,6,0,0,1,0,1,0,,
dbo,maxlictypestatus,5,5,0,0,0,1,0,0,,
dbo,maxlicusage,12,12,0,0,4,1,4,0,,
dbo,maxlicuserasc,6,6,0,0,2,1,2,0,,
dbo,maxlicusgconcurt,7,7,0,0,4,0,3,0,,
dbo,maxlicusgsmry,10,10,0,0,3,0,3,0,,
dbo,maxlicusgvar,11,11,0,0,3,0,3,0,,
dbo,maxlistoverval,9,9,0,0,1,1,1,0,,
dbo,maxmenu,14,15,1,0,0,0,0,0,pinned,
dbo,maxmobileschema,8,8,0,0,3,0,1,0,,
dbo,maxmodules,4,8,4,0,0,0,0,0,"maxprodid, skipentitlement, skipnavigation, threemodule",
dbo,maxoauthclient,12,14,2,0,1,0,1,0,"accesstokenpersistent, exitclass",
dbo,maxobject,22,23,1,0,0,0,0,0,internalindicator,
dbo,maxobjectcfg,23,24,1,0,0,0,0,0,internalindicator,
dbo,maxpresentation,4,4,0,0,1,0,0,0,,
dbo,maxproccols,10,10,0,0,1,1,1,0,,
dbo,maxprop,20,20,0,0,1,2,1,0,,
dbo,maxpropvalue,10,10,0,0,1,2,1,0,,
dbo,maxpushproviderdevtype,19,19,0,0,2,0,0,0,,
dbo,maxqueue,24,24,0,0,1,2,1,0,,
dbo,maxrecordlock,10,10,0,0,1,2,1,0,,
dbo,maxrelationship,9,10,1,0,0,1,0,0,isdefault,
dbo,maxreplaceproc,14,14,0,0,1,1,1,0,,
dbo,maxrowstamp,5,5,0,0,1,0,1,0,,
dbo,maxsession,16,16,0,0,3,2,3,0,,
dbo,maxtestfix,10,10,0,0,3,0,1,0,,
dbo,maxthreadlogger,6,6,0,0,0,1,0,0,,
dbo,maxthreadloggerdet,7,7,0,0,0,1,0,0,,
dbo,maxtoken,10,10,0,0,1,1,1,0,,
dbo,maxtransformproc,14,14,0,0,1,1,1,0,,
dbo,maxuser,30,56,26,0,1,3,1,1,"apikeyadmin, authlockexpire, changeby, changedate, cognossyncstatus, createdby, createddate, expiresat, failedlogindate, idpadmin, inactivitytimeout, iotrole, isauthorized, islocked, lastactivity, ldapuserref, lockedoutdate, maserrorcode, masissuer, massyncstatus, owner, scimexternalid, scimprofileid, syncprofile, systemadmin, tririgaaccess",
dbo,maxuserapplog,6,6,0,0,1,1,1,0,,
dbo,maxusernps,6,6,0,0,2,1,2,0,,
dbo,maxuserstatus,7,7,0,0,1,2,1,0,,
dbo,maxusrdbauthinfo,7,7,0,0,0,1,0,0,,
dbo,maxvars,7,7,0,0,0,1,0,0,,
dbo,maxvartype,6,6,0,0,0,1,0,0,,
dbo,maxwsregistry,18,18,0,0,1,1,1,0,,
dbo,maxxrefoverval,10,10,0,0,1,1,1,0,,
dbo,measurement,39,43,4,0,1,1,1,0,"event, hasld, langcode, source",
dbo,measurepoint,33,37,4,0,0,0,0,0,"genalertlowerwarn, genalertupperwarn, restrictduration, restrictunit",
dbo,meterreading,49,49,0,0,2,2,2,0,,
dbo,mfmailtrack,12,12,0,0,1,0,1,0,,
dbo,mobiledb,10,15,5,0,4,0,1,0,"croninstance, pagesize, runasuser, siteid, starttimestamp",
dbo,modavail,8,13,5,0,3,1,3,0,"calendarbreakid, laborrotshiftid, shiftbreak, shiftnum, shiftrot",
dbo,mr,53,53,0,0,5,5,5,0,,
dbo,mrline,73,74,1,0,2,2,2,0,anywhererefid,
dbo,mrstatus,9,9,0,0,1,1,1,0,,
dbo,msghubprovidercfg,6,6,0,0,0,1,0,0,,
dbo,multiassetlocci,56,57,1,0,0,1,0,0,anywhererefid,
dbo,multiassetloccipr,24,24,0,0,1,1,1,0,,
dbo,mxodmapp,22,22,0,0,1,1,1,0,,
dbo,mxodmapppkg,5,5,0,0,2,0,1,0,,
dbo,mxtour,5,5,0,0,1,0,0,0,,
dbo,namedusers,10,10,0,0,0,1,0,0,,
dbo,nonworktime,6,6,0,0,2,0,2,0,,
dbo,objectformula,8,8,0,0,1,2,1,0,,
dbo,objectformulacond,7,7,0,0,0,1,0,0,,
dbo,offlineareapackage,5,5,0,0,1,0,0,0,,
dbo,offlinegeodatabase,5,5,0,0,1,0,0,0,,
dbo,offlinemapservicereplica,10,10,0,0,2,0,1,0,,
dbo,omp,14,14,0,0,1,1,1,0,,
dbo,ompcirln,7,7,0,0,1,1,1,0,,
dbo,ompimlmorln,10,10,0,0,1,1,1,0,,
dbo,ompimrln,8,8,0,0,1,1,1,0,,
dbo,organization,16,16,0,0,1,1,1,0,,
dbo,osaccesslog,5,5,0,0,1,1,1,0,,
dbo,oslcinteraction,29,29,0,0,1,2,1,0,,
dbo,oslcintgroup,10,10,0,0,1,1,1,0,,
dbo,oslcintgrpappmenu,10,10,0,0,1,1,1,0,,
dbo,oslcintgrpapps,12,12,0,0,1,2,1,0,,
dbo,oslcintgrpmembers,10,10,0,0,1,1,1,0,,
dbo,oslcintquery,11,11,0,0,1,1,1,0,,
dbo,oslcintqueryparams,14,14,0,0,1,1,1,0,,
dbo,oslclink,15,15,0,0,1,1,1,0,,
dbo,oslcofflinearea,12,12,0,0,2,0,1,0,,
dbo,oslcprefillmap,11,11,0,0,1,1,1,0,,
dbo,oslcprovider,14,14,0,0,1,1,1,0,,
dbo,oslcquery,17,17,0,0,0,1,0,0,,
dbo,oslcresource,18,18,0,0,1,0,0,0,,
dbo,oslcresourcedetail,15,15,0,0,0,1,0,0,,
dbo,oslcresourcetypes,10,10,0,0,2,1,1,0,,
dbo,oslctransaction,7,7,0,0,1,1,1,1,,
dbo,ososlcmap,13,13,0,0,0,1,0,0,,
dbo,osrecordtouchlog,6,6,0,0,1,1,1,0,,
dbo,osused,5,6,1,0,0,0,0,0,useforentitlement,
dbo,osusernotification,9,9,0,0,1,1,1,0,,
dbo,osusersubscription,17,17,0,0,1,1,1,0,,
dbo,passwordhistory,6,6,0,0,2,3,1,1,,
dbo,pdspec,24,24,0,0,2,2,2,0,,
dbo,perscommodity,9,9,0,0,0,1,0,0,,
dbo,person,68,69,1,0,8,6,8,0,languserupdated,
dbo,personancestor,5,5,0,0,0,2,0,0,,
dbo,personcal,7,7,0,0,0,1,0,0,,
dbo,persondefaultapp,4,4,0,0,0,1,0,0,,
dbo,persongroup,8,9,1,0,0,0,0,0,userteam,
dbo,persongroupteam,12,12,0,0,0,2,0,0,,
dbo,personstatus,7,7,0,0,1,2,1,0,,
dbo,phone,6,6,0,0,0,1,0,0,,
dbo,pluscassetstatus,11,11,0,0,1,1,1,0,,
dbo,pluscdsinstr,105,108,3,0,0,0,0,0,"isstandarddeviation, standarddeviationinputlimit, standarddeviationoutputlimit",
dbo,pluscdsstatus,10,10,0,0,1,0,1,0,,
dbo,pluscjpstatus,10,10,0,0,1,1,1,0,,
dbo,pluscpmextdate,14,14,0,0,3,1,3,0,,
dbo,pluscspotcheck,17,17,0,0,1,2,1,0,,
dbo,plusctemplate,39,39,0,0,0,2,0,0,,
dbo,plusctpasset,10,10,0,0,1,1,1,0,,
dbo,plusctphistory,8,8,0,0,1,1,1,0,,
dbo,plusctpspec,12,13,1,0,0,1,0,0,datevalue,
dbo,pluscwods,64,66,2,0,1,1,1,0,"anywhererefid, remark",
dbo,pluscwodsinstr,127,131,4,0,2,1,2,0,"anywhererefid, isstandarddeviation, standarddeviationinputlimit, standarddeviationoutputlimit",
dbo,pluscwodspoint,109,115,6,0,0,1,0,0,"asfoundinputstddeverror, asfoundoutputstddeverror, asfoundsetpointstddeverror, asleftinputstddeverror, asleftoutputstddeverror, asleftsetpointstddeverror",
dbo,plusdsplan,34,34,0,0,2,1,2,0,,
dbo,pluspactualusage,13,13,0,0,1,0,1,0,,
dbo,pluspagmtstatus,8,8,0,0,1,0,1,0,,
dbo,pluspagreement,57,58,1,0,10,1,10,0,edit,
dbo,pluspagrmdates,14,14,0,0,2,0,2,0,,
dbo,pluspagrmitems,16,16,0,0,1,0,1,0,,
dbo,pluspagrmwork,7,7,0,0,0,1,0,0,,
dbo,pluspapplasset,10,10,0,0,0,1,0,0,,
dbo,pluspbatchsthist,10,10,0,0,1,1,1,0,,
dbo,pluspbbcopyhistory,6,6,0,0,1,0,1,0,,
dbo,pluspbbcopystatus,8,8,0,0,2,1,2,0,,
dbo,pluspbillbatch,43,43,0,0,11,2,11,0,,
dbo,pluspbillline,40,40,0,0,3,4,3,0,,
dbo,pluspbilllinepriceadj,10,10,0,0,1,1,1,0,,
dbo,pluspbillpmt,13,13,0,0,2,1,2,0,,
dbo,pluspbillschedule,26,26,0,0,5,0,5,0,,
dbo,pluspbsasset,12,12,0,0,0,1,0,0,,
dbo,pluspbsassetrange,12,12,0,0,0,1,0,0,,
dbo,pluspbsassetspec,29,29,0,0,1,2,1,0,,
dbo,pluspbshist,12,12,0,0,3,0,3,0,,
dbo,pluspcustassoc,7,7,0,0,1,0,1,0,,
dbo,pluspcustcontact,6,6,0,0,0,1,0,0,,
dbo,pluspcustomer,50,50,0,0,5,1,5,0,,
dbo,pluspcustomerlog,14,14,0,0,2,3,2,0,,
dbo,pluspcuststatus,7,7,0,0,1,1,1,0,,
dbo,pluspdownpmt,9,9,0,0,0,1,0,0,,
dbo,pluspgbtrans,107,107,0,0,6,5,6,0,,
dbo,plusppblineasset,9,9,0,0,0,1,0,0,,
dbo,plusppblineassetspec,14,14,0,0,0,1,0,0,,
dbo,plusppbstatus,8,8,0,0,1,0,1,0,,
dbo,plusppersoncust,4,4,0,0,0,1,0,0,,
dbo,plusppricebook,18,18,0,0,4,1,4,0,,
dbo,pluspprices,57,57,0,0,1,0,1,0,,
dbo,plusppsassetmgt,13,13,0,0,0,1,0,0,,
dbo,plusprprecords,8,8,0,0,1,1,1,0,,
dbo,pluspsalesorder,68,69,1,0,3,5,3,0,autoissueassets,
dbo,pluspservagree,68,68,0,0,7,9,7,0,,
dbo,pluspslabreach,8,8,0,0,1,0,1,0,,
dbo,pluspslabreachline,12,12,0,0,2,0,2,0,,
dbo,pluspslabreachlnst,9,9,0,0,1,1,1,0,,
dbo,pluspsoownerhist,9,9,0,0,1,2,1,0,,
dbo,pluspsostatus,12,12,0,0,1,1,1,0,,
dbo,plusptobebilled,7,7,0,0,0,1,0,0,,
dbo,plusptobebilledtr,10,10,0,0,1,1,1,0,,
dbo,plusptransbillstate,11,11,0,0,1,2,1,0,,
dbo,pluspunfinishedcron,5,5,0,0,0,1,0,0,,
dbo,pluspwopricetotals,22,22,0,0,0,1,0,0,,
dbo,pluspwoterms,12,12,0,0,0,1,0,0,,
dbo,pluspwpgenbill,20,20,0,0,2,2,2,0,,
dbo,plussmapservice,14,14,0,0,1,0,0,0,,
dbo,plussspatialreference,4,4,0,0,1,0,0,0,,
dbo,plusstilepackage,9,9,0,0,2,0,1,0,,
dbo,plusstoolpersistence,7,7,0,0,1,1,0,0,,
dbo,pm,117,123,6,0,9,4,9,0,"enforcemaxdayofmonth, grandtotalprice, pluspagreement, plusppricesched, plusprevnum, pmfpricecaldate",
dbo,pmforecast,15,15,0,0,4,2,4,0,,
dbo,pmforecastjp,22,28,6,0,2,2,2,0,"totalfeesprice, totallabprice, totalmatprice, totalprice, totalservprice, totaltoolprice",
dbo,pmforecastlabor,6,7,1,0,0,0,0,0,thislaborprice,
dbo,pmforecastmaterial,5,6,1,0,0,0,0,0,thismatprice,
dbo,pmforecastservice,5,6,1,0,0,0,0,0,thisservprice,
dbo,pmforecasttool,5,6,1,0,0,0,0,0,thistoolprice,
dbo,pmmeter,17,18,1,0,1,0,1,0,createdate,
dbo,po,81,81,0,0,11,4,11,0,,
dbo,poecomstatus,9,9,0,0,1,0,1,0,,
dbo,pointwo,11,11,0,0,1,1,1,0,,
dbo,poline,118,119,1,0,4,6,4,0,inspformnum,
dbo,postatus,10,10,0,0,1,1,1,0,,
dbo,pr,77,77,0,0,6,5,6,0,,
dbo,precaution,18,18,0,0,1,0,1,0,,
dbo,prline,116,116,0,0,4,4,4,0,,
dbo,procobj,7,7,0,0,1,1,1,0,,
dbo,procrule,6,6,0,0,1,1,1,0,,
dbo,prstatus,9,9,0,0,1,1,1,0,,
dbo,qualification,17,17,0,0,1,0,1,0,,
dbo,qualstatus,9,9,0,0,2,1,2,0,,
dbo,query,18,18,0,0,1,1,0,0,,
dbo,queryrecordstate,10,10,0,0,1,2,1,0,,
dbo,querytemplate,12,15,3,0,0,1,0,0,"addnlqueryparams, dfltprojection, userdefined",
dbo,querytemplateattr,19,19,0,0,0,1,0,0,,
dbo,quotationline,49,49,0,0,4,1,4,0,,
dbo,reconlink,12,12,0,0,1,0,1,0,,
dbo,reconmultilink,13,13,0,0,1,0,1,0,,
dbo,reconresult,31,31,0,0,4,1,4,0,,
dbo,reconruleclause,16,16,0,0,0,2,0,0,,
dbo,recontask,13,13,0,0,1,0,1,0,,
dbo,relatedrecord,11,11,0,0,0,1,0,0,,
dbo,relation,14,14,0,0,0,1,0,0,,
dbo,relationrules,11,11,0,0,0,2,0,0,,
dbo,relationrulesext,14,14,0,0,0,2,0,0,,
dbo,reordermutex,11,11,0,0,1,1,1,0,,
dbo,reorderpad,65,65,0,0,4,3,4,0,,
dbo,report,37,39,2,0,1,2,1,0,"cognosalias, iscogdashboard",
dbo,reportadhoc,39,39,0,0,1,0,1,0,,
dbo,reportattachdocs,6,6,0,0,1,1,1,0,,
dbo,reportbros,10,10,0,0,3,0,1,0,,
dbo,reportdesign,10,10,0,0,3,1,1,0,,
dbo,reporthyperlinkqueryurl,6,6,0,0,2,0,1,0,,
dbo,reportjob,11,11,0,0,2,1,2,0,,
dbo,reportlookup,15,16,1,0,0,0,0,0,datatype,
dbo,reportoutput,8,8,0,0,1,1,1,0,,
dbo,reportoutputauth,5,5,0,0,0,1,0,0,,
dbo,reportoutputcnt,6,6,0,0,1,0,0,0,,
dbo,reportprocreserve,8,8,0,0,2,0,2,0,,
dbo,reportprocsched,8,8,0,0,2,0,2,0,,
dbo,reportrunlock,4,4,0,0,1,0,1,0,,
dbo,reportrunqueue,23,23,0,0,1,1,1,0,,
dbo,reportsched,20,20,0,0,0,3,0,0,,
dbo,reportsecattkey,5,5,0,0,2,0,1,0,,
dbo,reportusagelog,18,18,0,0,3,1,3,0,,
dbo,reportwhere,8,8,0,0,3,1,1,0,,
dbo,requestlog,14,14,0,0,2,1,1,0,,
dbo,restsysaction,6,7,1,0,0,0,0,0,userdefined,
dbo,rfq,44,44,0,0,8,7,8,0,,
dbo,rfqline,79,79,0,0,4,5,4,0,,
dbo,rfqstatus,9,9,0,0,1,1,1,0,,
dbo,rfqvendor,30,30,0,0,2,0,2,0,,
dbo,route_stop,42,42,0,0,1,0,1,0,,
dbo,routes,11,12,1,0,0,0,0,0,status,
dbo,safetylexicon,15,15,0,0,1,0,1,0,,
dbo,safetyplan,10,10,0,0,1,1,1,0,,
dbo,scconfig,11,11,0,0,0,1,0,0,,
dbo,schedule,38,38,0,0,2,0,2,0,,
dbo,schtooltip,4,4,0,0,1,0,0,0,,
dbo,sctemplate,7,7,0,0,2,0,1,0,,
dbo,serversession,15,15,0,0,2,0,2,0,,
dbo,serviceaddress,42,40,0,2,0,2,0,0,,"geometry, plussgeojson"
dbo,servrectrans,114,115,1,0,4,3,4,0,inspresultnum,
dbo,sets,11,11,0,0,1,1,1,0,,
dbo,sfwlicense,21,21,0,0,2,0,2,0,,
dbo,sfwline,11,11,0,0,1,0,1,0,,
dbo,shiftpatternday,9,9,0,0,2,0,2,0,,
dbo,shipment,34,34,0,0,3,2,3,0,,
dbo,site,14,14,0,0,2,3,2,0,,
dbo,skdaction,23,23,0,0,1,0,0,0,,
dbo,skdactivity,40,41,1,0,10,1,10,0,isemergency,
dbo,skdactivityqbe,32,32,0,0,4,4,4,0,,
dbo,skdcapacityplanparam,28,31,3,0,2,0,2,0,"cskdmaterial, cskdtool, updatecronvalues",
dbo,skdcompliance,20,20,0,0,2,2,2,0,,
dbo,skdcompliancewolist,20,20,0,0,4,4,4,0,,
dbo,skdconstraint,15,18,3,0,0,0,0,0,"maxleadlaghours, optionalrel, useleadlagasshift",
dbo,skdcost,24,24,0,0,3,0,3,0,,
dbo,skdcosttemp,20,20,0,0,2,0,2,0,,
dbo,skddatavaloption,51,51,0,0,1,0,1,0,,
dbo,skdemavailres,11,11,0,0,1,2,1,0,,
dbo,skdgvpref,12,12,0,0,2,1,1,0,,
dbo,skdlaborhrs,14,14,0,0,3,0,3,0,,
dbo,skdlaborhrstemp,18,18,0,0,4,0,4,0,,
dbo,skdlabormodparam,30,33,3,0,0,0,0,0,"cskdmaterial, cskdtool, updatecronvalues",
dbo,skdodmemsg,4,5,1,0,1,0,0,0,isdest,
dbo,skdodmerun,11,16,5,0,2,1,2,0,"isdest, iser, model, modeltype, modelversion",
dbo,skdodmeunscheduledtask,7,8,1,0,0,0,0,0,msgtype,
dbo,skdopascpskpi,14,15,1,0,0,0,0,0,schedulingissues,
dbo,skdopascpsparam,24,27,3,0,1,0,1,0,"cskdmaterial, cskdtool, updatecronvalues",
dbo,skdopascpsstatus,29,30,1,0,3,0,3,0,objectivegaps,
dbo,skdorigindestmatrix,12,12,0,0,1,3,1,0,,
dbo,skdoverrideavail,14,15,1,0,2,0,2,0,itemsetid,
dbo,skdpmfocost,15,15,0,0,3,0,3,0,,
dbo,skdpmfocosttemp,13,13,0,0,2,0,2,0,,
dbo,skdpmforecast,16,16,0,0,4,2,4,0,,
dbo,skdpmforecastjp,16,16,0,0,2,2,2,0,,
dbo,skdproject,122,124,2,0,25,6,25,2,"directives, isautoschedule",
dbo,skdprojectemwo,17,28,11,0,2,1,2,0,"description, emergrecommend, hasld, isdefault, istemplate, langcode, lastruncron, lastrundate, lastrunuser, recalcdtm, runstatus",
dbo,skdprojectpublish,7,7,0,0,1,1,1,0,,
dbo,skdprojectscenario,28,28,0,0,3,2,3,0,,
dbo,skdprojectstatus,8,8,0,0,1,1,1,0,,
dbo,skdreslevelparam,27,30,3,0,1,0,1,0,"cskdmaterial, cskdtool, updatecronvalues",
dbo,skdscenrunkpi,6,8,2,0,0,0,0,0,"kpidate, kpiresourceid",
dbo,skdspatialparam,33,37,4,0,0,0,0,0,"cskdmaterial, cskdtool, recalcdtm, updatecronvalues",
dbo,skdstate,8,8,0,0,1,1,0,0,,
dbo,skdtemplates,11,11,0,0,2,1,1,0,,
dbo,skdusage,10,10,0,0,1,1,1,0,,
dbo,skduserprop,11,11,0,0,0,1,0,0,,
dbo,skdwobreakinout,9,9,0,0,0,1,0,0,,
dbo,skdworkplanextcap,13,13,0,0,2,0,2,0,,
dbo,slaassetloc,7,7,0,0,0,1,0,0,,
dbo,slarecords,12,12,0,0,4,0,4,0,,
dbo,slroute,10,10,0,0,1,0,1,0,,
dbo,sms,6,6,0,0,0,1,0,0,,
dbo,solution,19,19,0,0,2,2,2,0,,
dbo,solutionspec,20,20,0,0,1,2,1,0,,
dbo,solutionstatus,7,7,0,0,1,1,1,0,,
dbo,sparepart,12,13,1,0,0,0,0,0,plusctpsparepartid,
dbo,statemanager,6,6,0,0,1,1,0,1,,
dbo,tableexttplt,60,60,0,0,12,0,10,0,,
dbo,taglock,18,18,0,0,1,0,1,0,,
dbo,tagout,19,19,0,0,1,0,1,0,,
dbo,tamitdpahwm,18,18,0,0,5,1,5,0,,
dbo,tamitswprtnum,13,13,0,0,1,0,1,0,,
dbo,taskscheduler,7,7,0,0,3,0,3,0,,
dbo,tax,14,14,0,0,2,1,2,0,,
dbo,taxtype,17,17,0,0,1,1,1,0,,
dbo,templatestatus,7,7,0,0,1,1,1,0,,
dbo,ticket,111,113,4,2,14,6,14,0,"hassafetyhazard, measurementid, origfromalert, tagname","geometry, plussgeojson"
dbo,ticketspec,30,31,1,0,2,2,2,0,anywhererefid,
dbo,timezonerule,10,10,0,0,1,1,1,0,,
dbo,tkownerhistory,11,11,0,0,1,2,1,0,,
dbo,tkserviceaddress,36,35,0,1,0,1,0,0,,geometry
dbo,tkstatus,10,10,0,0,1,1,1,0,,
dbo,tktemplate,23,23,0,0,1,2,1,0,,
dbo,tktemplatespec,22,22,0,0,2,2,2,0,,
dbo,tktempltactivity,17,17,0,0,0,2,0,0,,
dbo,tktempltactyspec,24,24,0,0,2,2,2,0,,
dbo,tloamdpahwm,13,13,0,0,4,0,4,0,,
dbo,tloamfsnrunstatus,14,14,0,0,2,0,2,0,,
dbo,tloamprmdflt,11,11,0,0,0,1,0,0,,
dbo,tloamsoftware,31,31,0,0,1,0,1,0,,
dbo,tloamswcatalog,14,14,0,0,2,0,2,0,,
dbo,tloamswrel,7,7,0,0,1,0,1,0,,
dbo,tokenlicense,9,9,0,0,3,0,3,0,,
dbo,tokenlicsigopts,4,4,0,0,0,1,0,0,,
dbo,tokenlicstatus,7,7,0,0,1,0,1,0,,
dbo,tokenlictypestatus,5,5,0,0,0,1,0,0,,
dbo,tokenlicusers,10,10,0,0,1,2,1,0,,
dbo,tooltrans,75,75,0,0,6,3,6,0,,
dbo,userdevice,12,12,0,0,1,1,1,0,,
dbo,usernotificationpoint,8,8,0,0,0,1,0,0,,
dbo,userpref,5,5,0,0,0,1,0,0,,
dbo,userpurgl,5,5,0,0,0,1,0,0,,
dbo,userquery,10,10,0,0,1,2,1,0,,
dbo,usertourtracker,5,5,0,0,0,1,0,0,,
dbo,vendorstatus,10,10,0,0,1,0,1,0,,
dbo,viewmanager,10,14,4,0,1,1,0,1,"createdate, description, parent, viewtype",
dbo,warrantyasset,9,9,0,0,0,1,0,0,,
dbo,watsonvrimg,11,11,0,0,2,0,1,0,,
dbo,weatheralertimpact,5,5,0,0,1,0,1,0,,
dbo,weatherassetsub,11,11,0,0,0,1,0,0,,
dbo,weathercfg,12,12,0,0,1,1,1,0,,
dbo,weatherendpoint,6,6,0,0,0,1,0,0,,
dbo,weatherusage,6,6,0,0,1,0,1,0,,
dbo,wfactivation,7,7,0,0,1,1,1,0,,
dbo,wfassignment,38,38,0,0,2,2,2,0,,
dbo,wfinstance,11,11,0,0,2,1,2,0,,
dbo,wfprocess,19,21,2,0,1,1,1,0,"intobjectname, templatename",
dbo,wfrevision,8,8,0,0,1,1,1,0,,
dbo,wftransaction,17,17,0,0,1,1,1,0,,
dbo,wmassigntmp,16,16,0,0,3,1,3,0,,
dbo,woancestor,7,7,0,0,0,2,0,0,,
dbo,wocontract,11,11,0,0,0,1,0,0,,
dbo,wogen,50,50,0,0,5,4,5,0,,
dbo,wohazard,39,39,0,0,2,1,2,0,,
dbo,wohazardprec,8,8,0,0,0,1,0,0,,
dbo,wolockout,24,24,0,0,1,1,1,0,,
dbo,womatstatussync,7,8,1,0,0,0,0,0,worksiteid,
dbo,wometer,13,13,0,0,1,1,1,0,,
dbo,woownerhistory,11,11,0,0,1,3,1,0,,
dbo,woprecaution,20,20,0,0,1,1,1,0,,
dbo,worelext,11,11,0,0,0,1,0,0,,
dbo,worklog,29,29,0,0,5,3,5,0,,
dbo,workorder,330,334,6,2,36,13,36,0,"ai_usefortraining, excpttype, isquickreported, mrefid, mrefrecordid, totalworkunits","geometry, plussgeojson"
dbo,workorderspec,30,30,0,0,2,3,2,0,,
dbo,workperiod,11,11,0,0,3,0,3,0,,
dbo,workscapelayout,11,13,2,0,0,1,0,0,"ispublic, userdefined",
dbo,worktype,15,16,1,0,0,0,0,0,ahcondassess,
dbo,workview,23,23,0,0,2,6,2,0,,
dbo,wosafetylink,17,17,0,0,1,1,1,0,,
dbo,wosafetyplan,11,11,0,0,1,2,1,0,,
dbo,woserviceaddress,35,34,0,1,0,2,0,0,,geometry
dbo,wostatus,15,15,0,0,1,3,1,0,,
dbo,wotaglock,20,20,0,0,1,1,1,0,,
dbo,wotagout,21,21,0,0,1,1,1,0,,
dbo,wotaskrelation,12,15,3,0,0,3,0,0,"maxleadlaghours, optionalrel, useleadlagasshift",
dbo,woweatheralert,12,12,0,0,2,1,2,0,,
dbo,wpitem,54,54,0,0,1,2,1,0,,
dbo,wplabor,34,35,1,0,2,1,2,0,qualmet,
dbo,z_mif_asset_add,65,65,0,0,8,2,8,0,,
dbo,z_mif_asset_update,66,66,0,0,8,2,8,0,,
dbo,z_mif_doclinks,24,24,0,0,1,0,0,0,,
dbo,z_mif_invbalances,13,13,0,0,1,0,1,0,,
dbo,z_mif_wo_add,51,51,0,0,5,5,4,0,,
dbo,z_mif_wo_sa_add,73,73,0,0,5,7,4,0,,
