prod_data_type,systest_data_type,change_type,column_count
datetime,datetime2(7),DATA_TYPE_CHANGED|PRECISION_INCREASED|SCALE_INCREASED,1311
varchar(30),varchar(100),LENGTH_INCREASED,623
varchar(10),varchar(25),LENGTH_INCREASED,102
varchar(20),varchar(25),LENGTH_INCREASED,99
text,varchar(max),DATA_TYPE_CHANGED,95
image,varbinary(max),DATA_TYPE_CHANGED,38
varchar(62),varchar(82),LENGTH_INCREASED,28
varchar(50),varchar(100),LENGTH_INCREASED,25
varchar(30),varchar(50),LENGTH_INCREASED,17
varchar(12),varchar(25),LENGTH_INCREASED,16
varchar(15),varchar(30),LENGTH_INCREASED,15
varchar(25),varchar(50),LENGTH_INCREASED,12
varchar(1000),varchar(2000),LENGTH_INCREASED,8
varchar(50),varchar(250),LENGTH_INCREASED,6
varchar(50),varchar(610),LENGTH_INCREASED,4
int,"decimal(12,2)",DATA_TYPE_CHANGED|PRECISION_INCREASED|SCALE_INCREASED,4
bigint,bigint,NOW_NOT_NULL,3
varchar(1000),varchar(4000),LENGTH_INCREASED,3
varchar(18),varchar(30),LENGTH_INCREASED,3
varchar(20),varchar(610),LENGTH_INCREASED,2
varchar(50),varchar(80),LENGTH_INCREASED,2
varchar(50),varchar(200),LENGTH_INCREASED,2
varchar(20),varchar(200),LENGTH_INCREASED,2
varchar(20),varchar(40),LENGTH_INCREASED,2
int,int,NOW_NULLABLE,1
int,"decimal(14,1)",DATA_TYPE_CHANGED|PRECISION_INCREASED|SCALE_INCREASED,1
int,bigint,DATA_TYPE_CHANGED|PRECISION_INCREASED,1
"decimal(5,2)","decimal(12,2)",PRECISION_INCREASED,1
varbinary(128),varbinary(128),NOW_NULLABLE,1
varchar(1000),varchar(1000),NOW_NULLABLE,1
varbinary(128),varchar(200),DATA_TYPE_CHANGED|LENGTH_INCREASED|NOW_NULLABLE,1
text,varchar(max),DATA_TYPE_CHANGED|NOW_NULLABLE,1
varchar(15),varchar(50),LENGTH_INCREASED,1
varbinary(1024),varbinary(2000),LENGTH_INCREASED,1
varchar(200),varchar(2000),LENGTH_INCREASED,1
varchar(30),varchar(30),NOW_NULLABLE,1
varchar(40),varchar(64),LENGTH_INCREASED,1
varchar(50),varchar(100),LENGTH_INCREASED|NOW_NOT_NULL,1
varchar(500),varchar(1000),LENGTH_INCREASED,1
varchar(8),varchar(8),NOW_NULLABLE,1
